SL,Feature_Name,Category,Priority,Main_Problem_Solved (PS 26027),PROBLEM_We_Had,SOLUTION_How_We_Solved
1,Unified Department Portal,Core Block Planning,MAIN - Core,Point 3 - Optimization & Multi-dept Coordination,"Three departments (Engineering, TRD, S&T) plan independently on separate systems — nobody sees the others requests, so overlapping blocks and duplicated work are discovered only after trains are disrupted.","One unified portal brings all three departments block requests onto a single platform, enabling cross-department visibility, AI conflict detection and joint optimization for the first time."
2,Auto Block Request Generator,Core Block Planning,MAIN - Core,Point 1+2 - Data Integration & Auto Prioritization,"Every block request is typed manually from paper defect registers — slow, error-prone, and overdue tasks slip through unnoticed until they cause failures.","Reads defects and overdue tasks directly from TMS/SMMS/TDMS and auto-generates block requests, eliminating ~80% of paperwork and ensuring nothing overdue is ever missed."
3,Real-Time Block Status Monitor,Core Block Planning,MAIN - Core,Point 1+3 - Live COA/BDMS Data & Optimization,No one knows live which section is blocked or free — planners double-book sections and control rooms argue over outdated lists.,"A live block status monitor synced from BDMS/COA data shows blocked/free sections in real time on map and table, ending double-booking."
5,Block Duration Optimizer,Core Block Planning,MAIN - Core,Point 3 - Maximize Uptime,"Blocks are booked with guess-based durations — crews over-estimate to be safe, so sections stay blocked long after work ends and trains wait for nothing.","An AI duration estimator predicts the exact work time from historical records, shrinking over-blocking and returning idle track time to train operations."
6,Split Block Scheduling,Core Block Planning,MAIN - Core,Point 3 - Maximize Uptime,A single long block shuts an entire corridor for hours even though the actual work touches only small stretches — massive avoidable disruption.,Splits long blocks into smaller per-segment windows so trains can run on unaffected stretches while maintenance proceeds section by section.
8,Night Block Preference,Core Block Planning,MAIN - Core,Point 3 - Minimize Train Disruption,"Maintenance competes with dense daytime passenger traffic — every block causes delays, cancellations and passenger complaints.","Analyzes the time table to propose low-traffic night windows, shifting work to hours when passenger impact is minimal."
9,Crew & Gang Deployment Planner,Core Block Planning,MAIN - Core,Point 3 - Resource Coordination,"Gangs are assigned informally by phone — the same crew gets double-booked, distant gangs travel for hours, and block windows expire unused.","Auto-plans crew deployment per block with base-station awareness and shift management, so the right gang is at the right section at the right time."
10,Material & Tool Inventory Link,Core Block Planning,MAIN - Core,Point 3 - Prevent Empty Blocks,"Blocks get sanctioned without checking if sleepers, rails or machines actually exist — crews arrive, find nothing, and the whole window is wasted (""empty block"").",Links block approval to material/tool inventory so a block cannot be sanctioned until everything needed is confirmed available.
24,Train Priority Classifier,Priority & Traffic,MAIN - Core,Point 2 - Criticality-based Prioritization,"When a block clashes with trains, there is no rule for who wins — premium trains like Rajdhani wait arbitrarily, hurting punctuality and reputation.",A priority classifier (Rajdhani > Mail/Express > Passenger > Freight) gives every train a clear tier so block decisions automatically protect premium services.
25,Fast Track Clearance,Priority & Traffic,MAIN - Core,Point 3 - Priority Train Clearance,High-priority trains get stuck behind maintenance blocks because rescheduling is manual and slow.,Fast-track clearance automatically shortens or reschedules blocks around approaching priority trains — with a hard minimum-work-window guard (feature 70) so safety is never compromised.
27,Passenger Impact Calculator,Priority & Traffic,MAIN - Core,Point 2 - Impact-based Prioritization,Officers approve blocks without knowing how many passengers will suffer — impact decisions are pure guesswork.,"A passenger impact calculator estimates delayed passengers per block from train schedules and class, producing an objective 0-100 impact score for every decision."
28,Freight Block Optimization,Priority & Traffic,MAIN - Core,Point 3 - Freight/Goods Forecast Slots,"Freight trains squeeze between passenger blocks unpredictably, disrupting both and annoying freight customers.",Dedicated freight slots (mainly night) are carved from the goods forecast so freight moves in predictable windows with minimal passenger disturbance.
29,Peak Hour Protection,Priority & Traffic,MAIN - Core,Point 3 - Peak Hour Protection,"Blocks occasionally slip into morning/evening rush hours, causing maximum passenger chaos for minimal maintenance gain.","An auto-guard rejects any block inside configurable peak windows, protecting rush-hour punctuality by design."
31,AI Conflict Detection,AI & Optimization,MAIN - Core,Point 3 - Multi-dept Conflict Elimination,"Two departments often book the same section at the same time — discovered at the last minute, forcing frantic manual renegotiation while trains wait.","AI conflict detection instantly flags overlapping requests the moment they are created, long before they reach the field."
32,Auto Conflict Resolution,AI & Optimization,MAIN - Core,Point 3 - Multi-dept Conflict Elimination,Resolving a block conflict takes hours of meetings between departments — windows expire while engineers negotiate.,"An auto-resolution engine proposes ready alternatives (""ENG at 2pm, TRD at 4pm"" or a combined window), cutting negotiation to a single click."
33,Predictive Maintenance Scheduler,AI & Optimization,MAIN - Core,Point 2+3 - Predictive Priority & Uptime,"Assets fail first and get maintained later — every failure forces emergency blocks, disrupting the whole corridor.","Predictive models on defect history and asset condition book blocks before failure, converting emergency downtime into planned, low-impact maintenance."
34,Smart Queue Management,AI & Optimization,MAIN - Core,Point 2 - Priority + Urgency + Impact Ranking,"Dozens of pending requests have no objective order — whoever shouts loudest gets the slot, and critical safety works wait behind minor ones.","A smart queue ranks every request by priority, urgency and asset impact so the most critical work always comes first."
35,Seasonal Pattern Analyzer,AI & Optimization,MAIN - Core,Point 2 - Seasonal Urgency Analysis,"Human planners cannot weigh criticality, urgency, asset impact and multi-department constraints together — urgent works get deferred, conflicts multiply, and downtime grows unnoticed.","Monsoon/winter/fog — which sections have more problems seasonally. Applies AI/ML scoring and optimization so scheduling decisions are data-driven, transparent and continuously improving."
36,Asset Downtime Predictor,AI & Optimization,MAIN - Core,Point 2+3 - Asset Downtime Prediction,"No one knows which track, signal or OHE asset will fail next — maintenance is permanently reactive.","An asset downtime predictor estimates remaining life per asset from historical failure data, so maintenance is scheduled exactly when needed."
37,Workload Balancing,AI & Optimization,MAIN - Core,Point 3 - Even Workload Distribution,"Human planners cannot weigh criticality, urgency, asset impact and multi-department constraints together — urgent works get deferred, conflicts multiply, and downtime grows unnoticed.","Spreads blocks evenly — avoids multiple blocks on same section same day. Applies AI/ML scoring and optimization so scheduling decisions are data-driven, transparent and continuously improving."
42,Control Office Live Feed,Communication,MAIN - Core,Point 1 - COA/BDMS Live Data Integration,"Field departments and the Divisional Control Office work from different, stale copies of data — every decision starts with ""which version is true?"".","A live feed syncs block and corridor data with COA/BDMS, creating a single source of truth for field and control room alike."
45,TMS Integration Module,Multi-System Integration,MAIN - Core,Point 1 - TMS Integration,"Defects and asset conditions are locked inside TMS, SMMS, TDMS and COA silos and never reach block planning — planners decide blindly and overdue tasks are forgotten.","Pulls defect and task data from Track Management System. Pulls maintenance, defect and corridor data from all source systems into one planning pipeline, so every block request is backed by real data."
46,SMMS Integration Module,Multi-System Integration,MAIN - Core,Point 1 - SMMS Integration,Signal failures sit in SMMS until failure happens — S&T maintenance stays reactive.,The SMMS integration pulls signal failure data so signal-related blocks are scheduled proactively.
47,TDMS Integration Module,Multi-System Integration,MAIN - Core,Point 1 - TDMS Integration,OHE and traction issues recorded in TDMS do not reach planners — TRD works are planned blind.,The TDMS integration pulls OHE/power data so traction maintenance is planned from real condition data.
48,NTES/Train Status Link,Multi-System Integration,MAIN - Core,Point 1 - Train Time Table / NTES Data,"Block plans ignore what trains are actually doing — conflicts are discovered on the day of work, not while planning.","The NTES/train-status link feeds live and scheduled train positions into planning, so conflicts are resolved before they happen."
61,Weekly & Monthly Block Plan Generator,Core Block Planning,MAIN - Core,Point 4 - Weekly & Monthly Multi-Horizon Plans,Railway planning is either daily firefighting or vague long-term intent — there is no optimized weekly/monthly block calendar.,"The weekly & monthly plan generator produces AI-optimized, sanction-ready block calendars for both horizons (direct PS Point 4 deliverable)."
68,ETL Sync Scheduler (TMS/SMMS/TDMS/COA Connectors),Multi-System Integration,MAIN - Core,Point 1 - Data Integration Backbone,"Defects and asset conditions are locked inside TMS, SMMS, TDMS and COA silos and never reach block planning — planners decide blindly and overdue tasks are forgotten.","Configurable scheduler that periodically pulls defects, tasks and corridor data from TMS, SMMS, TDMS and COA via API/DB adapters with retry and data-quality checks. Pulls maintenance, defect and corridor data from all source systems into one planning pipeline, so every block request is backed by real data."
73,OHE Power Isolation Confirmation,Safety,MAIN - Core,Point 3 - TRD Safety Lock,"TRD crews have been electrocuted because no system enforced ""power off + earthed"" before OHE work began.",Dual digital confirmation (TRD operator + gang) blocks work start until power isolation is confirmed — a hard safety interlock.
76,Train Approach Warning System,Safety,MAIN - Core,Point 3 - Crew Safety,"Crews on track get no warning of approaching trains until they see or hear them — seconds, not minutes, of reaction time.","Train approach warning watches live positions and alerts crews 2-3 stations before arrival, turning seconds of warning into minutes."
77,Block Overstay Auto-Escalation + TSR Suggestion,Safety,MAIN - Core,Point 3 - Safe Operations Guard,"When work overruns its block, trains are cleared over unfinished track at full speed — a proven derailment scenario.","Overstay auto-escalation notifies gang and SE, and recommends a Temporary Speed Restriction until clearance is certified."
80,Section Clearance Certificate,Safety,MAIN - Core,Point 3 - Safe Operations Guard,"Lines are sometimes opened before work is truly complete — debris, tools or unstable track remain, risking derailment.",A section clearance certificate requires dual sign-off (gang leader + JE) that the line is clear and safe before the token is released.
86,Unified Asset Registry,Multi-System Integration,MAIN - Core,Point 1 - Unified Asset Master,"The same bridge or signal exists under different IDs in TMS, SMMS and TDMS — no one can see an assets full picture across departments.","A unified asset registry maps all system IDs to one master asset, enabling true cross-department asset intelligence."
87,Chainage Normalization Engine,Multi-System Integration,MAIN - Core,Point 1 - Location Data Foundation,"Locations are recorded in incompatible formats (KM 45/2, station names, chainage) across systems — matching a defect to a section is manual and error-prone.","A chainage normalization engine converts every location format to one standard (section + chainage), making automation possible."
92,CoF × LoF Risk Matrix,AI & Optimization,MAIN - Core,Point 2 - Risk-based Prioritization,"Priorities are argued, not computed — departments dispute rankings because no transparent method exists.","A CoF x LoF risk matrix scores every task on consequence and likelihood, giving a transparent, defensible, audit-friendly priority."
93,Defect Aging Score,AI & Optimization,MAIN - Core,Point 2 - Urgency Scoring,"Human planners cannot weigh criticality, urgency, asset impact and multi-department constraints together — urgent works get deferred, conflicts multiply, and downtime grows unnoticed.","Priority rises exponentially with overdue days — old sleeping defects resurface automatically. Applies AI/ML scoring and optimization so scheduling decisions are data-driven, transparent and continuously improving."
94,"""Why #1?"" AI Explanation Card",AI & Optimization,MAIN - Core,Point 2 - Explainable AI,"Users (and judges) ask ""why did the AI rank this #1?"" — a black box answer destroys trust in the whole system.","Every ranking carries an explanation card built from real database facts (""safety-critical + 38 days overdue + busy corridor""), making AI decisions inspectable."
97,Critical Corridor Weighting,AI & Optimization,MAIN - Core,Point 2 - Impact Scoring,"Human planners cannot weigh criticality, urgency, asset impact and multi-department constraints together — urgent works get deferred, conflicts multiply, and downtime grows unnoticed.","Busy sections (e.g., Howrah–Bardhaman) weighted higher in priority scoring with fairness floor for branch lines. Applies AI/ML scoring and optimization so scheduling decisions are data-driven, transparent and continuously improving."
98,Combined Block Window Planner ⭐ USP,Core Block Planning,MAIN - Core,Point 3 - Maximize Asset Availability (USP),Three departments block the same corridor on different days for work that could share one window — the corridor is shut three times when once would do.,"⭐ Our USP: the combined block window planner detects tasks that can share one section and window, cutting block count ~3x and directly maximizing asset availability — the exact goal of PS 26027."
99,Task Dependency Graph Engine,AI & Optimization,MAIN - Core,Point 3 - Technically Valid Plans,Schedules sometimes sequence work wrongly (tamping before rail replacement) — the work is redone or the window wasted.,"A task dependency graph enforces hard ordering constraints in every generated schedule, making technically invalid plans impossible."
102,Mega Block Planner,Core Block Planning,MAIN - Core,Point 3 - Deep Maintenance Windows,Big multi-department works creep into random weekdays because there is no structured way to plan corridor-wide closures.,"A mega block planner packs all departments big tasks into one predictable weekly window, with passenger notice generated."
103,Cancelled Window Auto-Backfill,Core Block Planning,MAIN - Core,Point 3 - Maximize Uptime,"When a block is cancelled, its window simply vanishes — urgent pending works that could have used it are never told.","Cancelled-window backfill detects freed windows and auto-offers them to pending urgent tasks, driving slot waste toward zero."
105,Plan Freeze Window,Core Block Planning,MAIN - Core,Point 4 - Stable Yet Flexible Plans,Near-term plans change every hour while long-term plans stay rigid — crews get no stability and officers no flexibility.,A plan freeze window locks the next 48 hours (change needs senior approval) while distant days stay flexible — stability with adaptability.
108,Auto Re-plan on Disruption,AI & Optimization,MAIN - Core,Point 3+4 - Resilient Planning,"One disruption breaks the whole monthly plan, and nobody dares regenerate it manually — the plan becomes fiction within a week.","Auto re-plan on disruption re-optimizes the plan with a compact change summary for quick approval, keeping plans alive all month."
114,Train Time Table Master 🚆,Multi-System Integration,MAIN - Core,Point 1 - Train Time Table Base Data,Block planning ignores the published time table — express trains are scheduled a month+ in advance yet plans act surprised by them.,"The train time table master pre-loads the full fixed schedule (which train, which route, what time) as base data, making conflict detection scientific instead of accidental."
115,Delay Cascade Recalculator 🚆,Priority & Traffic,MAIN - Core,Point 3 - Live Re-optimization on Delay,"When a train runs late or the schedule changes, plans do not react — conflicts and opportunities are both missed while everything stays stale.","The delay cascade recalculator instantly recomputes: conflicting blocks, cascade impact on following trains, and refits pending tasks into freed windows — a static plan becomes a breathing plan."
11,Block Approval Workflow,Core Block Planning,MAIN - Support,Point 4 - Plan Sanctioning Workflow,Approval chains (JE to SE to Divisional) run on paper files that move for days — plans stall and accountability is lost.,"A digital approval workflow with hierarchy, digital signatures and audit trail sanctions blocks in hours instead of days, with every decision traceable."
13,Block History Log,Core Block Planning,MAIN - Support,Point 1+2 - Historical Data Foundation,"Decentralized, manual block planning through BDMS causes over-booking, empty blocks and poor section utilization — fixed infrastructure stays unavailable longer than necessary, reducing asset availability for train operations.","Historical record of when which section had what maintenance. Automates this part of block planning with rule-based + AI logic, cutting manual effort and paperwork while keeping the corridor available for trains longer."
49,Block Utilization Dashboard,Reporting,MAIN - Support,Point 3 - Utilization KPI,Nobody measures whether a block window was used or wasted — inefficiency stays invisible and unfixable.,"A utilization dashboard compares booked vs actually-used block time, exposing waste with a clear KPI."
50,Asset Availability Score,Reporting,MAIN - Support,Core KPI - Asset Availability,"Asset availability — the very goal of the problem statement — is not measured anywhere, so no one knows if things are improving.","An availability score (% time each section is operational) becomes the primary success metric, making our impact provable in the pitch."
53,Automated Daily Report,Reporting,MAIN - Support,Point 4 - Plan Reporting,"Management has zero visibility of block utilization, asset availability and plan variance — inefficiency cannot be measured, so it cannot be fixed.","Daily block status, conflicts, resolutions — auto PDF. Generates automatic KPIs, reports and variance analysis that turn block planning into a measurable, improvable process."
63,Approval SLA & Escalation Tracker,Core Block Planning,MAIN - Support,Point 4 - Plan Sanctioning Support,"Decentralized, manual block planning through BDMS causes over-booking, empty blocks and poor section utilization — fixed infrastructure stays unavailable longer than necessary, reducing asset availability for train operations.","If JE/SE/Divisional approval pending beyond SLA, auto-escalates to next level with reminder — plan never stalls. Automates this part of block planning with rule-based + AI logic, cutting manual effort and paperwork while keeping the corridor available for trains longer."
67,Audit Trail & Compliance Log,Reporting,MAIN - Support,Point 3 - Accountability for Optimized Plans,"Management has zero visibility of block utilization, asset availability and plan variance — inefficiency cannot be measured, so it cannot be fixed.","Immutable log of every request, edit, approval, override with user, timestamp and reason — full accountability. Generates automatic KPIs, reports and variance analysis that turn block planning into a measurable, improvable process."
70,Minimum Work Window Enforcer,Core Block Planning,MAIN - Support,Point 3 - Safe Optimization Guard,"Decentralized, manual block planning through BDMS causes over-booking, empty blocks and poor section utilization — fixed infrastructure stays unavailable longer than necessary, reducing asset availability for train operations.","Safety rule engine — no block can be shortened/rescheduled below the minimum safe duration for that work type. Automates this part of block planning with rule-based + AI logic, cutting manual effort and paperwork while keeping the corridor available for trains longer."
71,Digital Token System,Safety,MAIN - Support,Point 3 - Safe Operations Guard,"The physical ""line closed"" token system works on paper and voice — miscommunication has caused trains entering work zones, a fatal accident class.","A digital token exchanged between control and gang leader makes line possession explicit: no token, no work; no clearance, no release."
72,Crew Headcount Verification,Safety,MAIN - Support,Point 3 - Safe Operations Guard,"Trackside work without enforced safety protocol risks fatal accidents: trains entering work zones, electrocution on live OHE, and premature line opening after unfinished work.","Gang leader confirms full crew (e.g., 12/12) reached section before block sanction; check-in blocked until confirmed. Digitally enforces the railway safety protocol — tokens, confirmations, clearances and alerts — so every block becomes auditable, verifiable and safe by design."
74,Digital LOTO Record,Safety,MAIN - Support,Point 3 - Safe Operations Guard,"Trackside work without enforced safety protocol risks fatal accidents: trains entering work zones, electrocution on live OHE, and premature line opening after unfinished work.","Lock-Out Tag-Out: who locked which equipment, when, and release time — full digital trail. Digitally enforces the railway safety protocol — tokens, confirmations, clearances and alerts — so every block becomes auditable, verifiable and safe by design."
75,Weather Safety Gate,Safety,MAIN - Support,Point 3 - Safe Operations Guard,"Trackside work without enforced safety protocol risks fatal accidents: trains entering work zones, electrocution on live OHE, and premature line opening after unfinished work.","IMD thunderstorm/heavy rain warning auto-suggests suspension of OHE and track work. Digitally enforces the railway safety protocol — tokens, confirmations, clearances and alerts — so every block becomes auditable, verifiable and safe by design."
79,SOS Emergency Button,Safety,MAIN - Support,Point 3 - Crew Safety,"Trackside work without enforced safety protocol risks fatal accidents: trains entering work zones, electrocution on live OHE, and premature line opening after unfinished work.","One-tap SOS in crew app sends location-based alert to control room, SE and nearest help point. Digitally enforces the railway safety protocol — tokens, confirmations, clearances and alerts — so every block becomes auditable, verifiable and safe by design."
81,Tool & Material Return Count,Safety,MAIN - Support,Point 3 - Safe Operations Guard,"Trackside work without enforced safety protocol risks fatal accidents: trains entering work zones, electrocution on live OHE, and premature line opening after unfinished work.","Count of tools/machines taken vs returned confirmed before line clearance; QR for major items. Digitally enforces the railway safety protocol — tokens, confirmations, clearances and alerts — so every block becomes auditable, verifiable and safe by design."
82,Work Completion Photo Geo-tag,Safety,MAIN - Support,Point 3 - Plan Quality Data,"Trackside work without enforced safety protocol risks fatal accidents: trains entering work zones, electrocution on live OHE, and premature line opening after unfinished work.","Before/after geo-tagged photos of completed work — proof + optimizer training data. Digitally enforces the railway safety protocol — tokens, confirmations, clearances and alerts — so every block becomes auditable, verifiable and safe by design."
88,File-based Fallback Import (CSV/XML),Multi-System Integration,MAIN - Support,Point 1 - Practical Data Ingestion,"Defects and asset conditions are locked inside TMS, SMMS, TDMS and COA silos and never reach block planning — planners decide blindly and overdue tasks are forgotten.","Upload CSV/XML dumps from TMS/SMMS/TDMS with validation when APIs are unavailable — adapter-ready for future API. Pulls maintenance, defect and corridor data from all source systems into one planning pipeline, so every block request is backed by real data."
89,Data Freshness Monitor,Multi-System Integration,MAIN - Support,Point 1 - Data Quality Guard,"Defects and asset conditions are locked inside TMS, SMMS, TDMS and COA silos and never reach block planning — planners decide blindly and overdue tasks are forgotten.","Dashboard alert when any source (TMS/SMMS/TDMS dump) is stale beyond threshold — plan quality guard. Pulls maintenance, defect and corridor data from all source systems into one planning pipeline, so every block request is backed by real data."
91,Goods Forecast Manual Entry,Multi-System Integration,MAIN - Support,Point 1 - Goods Train Forecast Input,"Defects and asset conditions are locked inside TMS, SMMS, TDMS and COA silos and never reach block planning — planners decide blindly and overdue tasks are forgotten.","Control office enters upcoming freight paths via simple validated form — practical substitute for unavailable COA feed. Pulls maintenance, defect and corridor data from all source systems into one planning pipeline, so every block request is backed by real data."
95,Deferred Task Auto-Escalation,AI & Optimization,MAIN - Support,Point 2 - Anti-Deferral Guard,"Human planners cannot weigh criticality, urgency, asset impact and multi-department constraints together — urgent works get deferred, conflicts multiply, and downtime grows unnoticed.","Tasks repeatedly deferred get priority boost + officer alert; deferral reason capture mandatory. Applies AI/ML scoring and optimization so scheduling decisions are data-driven, transparent and continuously improving."
100,Gang Home-base Routing,Core Block Planning,MAIN - Support,Point 3 - Resource Efficiency,"Decentralized, manual block planning through BDMS causes over-booking, empty blocks and poor section utilization — fixed infrastructure stays unavailable longer than necessary, reducing asset availability for train operations.","Block scheduling accounts for gang base stations — no more 2-hour travel eating the block window. Automates this part of block planning with rule-based + AI logic, cutting manual effort and paperwork while keeping the corridor available for trains longer."
101,Material Delivery Slot Planning,Core Block Planning,MAIN - Support,Point 3 - Utilization Guard,"Decentralized, manual block planning through BDMS causes over-booking, empty blocks and poor section utilization — fixed infrastructure stays unavailable longer than necessary, reducing asset availability for train operations.","Delivery of sleepers/rails/machines scheduled to arrive BEFORE block start — pairs with Inventory Link. Automates this part of block planning with rule-based + AI logic, cutting manual effort and paperwork while keeping the corridor available for trains longer."
106,Plan Versioning & Diff View,Core Block Planning,MAIN - Support,Point 4 - Plan Governance,"Decentralized, manual block planning through BDMS causes over-booking, empty blocks and poor section utilization — fixed infrastructure stays unavailable longer than necessary, reducing asset availability for train operations.","Every plan version saved with diff — who changed what and why; full decision history. Automates this part of block planning with rule-based + AI logic, cutting manual effort and paperwork while keeping the corridor available for trains longer."
107,Sanction Order PDF Generator,Reporting,MAIN - Support,Point 4 - Official Plan Output,"Sanctioned plans reach officers as informal emails — there is no official, signable document.","A sanction order PDF generator produces railway-format official orders ready for officer signature, fitting existing procedure."
109,Plan Variance Auto-Analysis,Reporting,MAIN - Support,Point 3+4 - Continuous Improvement,"Management has zero visibility of block utilization, asset availability and plan variance — inefficiency cannot be measured, so it cannot be fixed.","Weekly ""planned vs actual"" with auto root-cause (rain, material, crew) via one-tap reason codes. Generates automatic KPIs, reports and variance analysis that turn block planning into a measurable, improvable process."
116,Schedule Deviation Detector 🚆,Multi-System Integration,MAIN - Support,Point 1 - Live Schedule Change Detection,"Nobody watches NTES continuously, so schedule deviations are discovered late — by then the window to react has closed.",The schedule deviation detector compares live status with the time table and auto-triggers recalculation the moment a delay appears — zero manual monitoring.
117,Coherence Rule Engine,Demo Data System,MAIN - Support,Demo Data — Integrity Engine,"Random demo data contradicts itself (defects outside sections, crews in two places at once) — one inconsistency spotted by judges destroys all credibility.","A coherence rule engine validates every generated record against 7 hard rules and auto-fixes violations, guaranteeing a self-consistent dataset."
118,Master Seed Command (seed_railway_demo),Demo Data System,MAIN - Support,Demo Data — Entry Point,Building 300+ records by hand is impossible; building feature by feature creates dependency chaos and weeks of rework.,A master seed command generates all 21 entities in 7 dependency phases with one command and a fixed seed — reproducible in minutes.
119,Demo Reset Command (reset_demo),Demo Data System,MAIN - Support,Demo Data — Lifecycle,"No real railway data or API access exists for development, testing and demonstration — the team cannot build, test or present anything without coherent data.","Wipes all demo data and re-seeds to pristine state in seconds — safe between demos and tests. Builds a reproducible, internally-consistent demo data layer (seed, validate, reset, inject) so the whole system is testable and demo-ready."
120,Scenario Injector (inject_scenario),Demo Data System,MAIN - Support,Demo Data — Live Demo Control,Live demos depend on the presenter remembering what to show next — one forgotten step and the flow collapses in front of judges.,"The scenario injector runs pre-scripted storylines (delay, emergency, conflict) on demand, so the system reacts on screen while the presenter narrates."
121,Source Adapter Switch (Mock ↔ Real),Demo Data System,MAIN - Support,Point 1 - Production Readiness Proof,"Judges will say ""this is all mock data"" — without an architecture answer, the project is dismissed as a toy.",A source adapter interface lets mock and real CRIS endpoints swap via a single config flag with zero application code change — proving production readiness.
4,Section-wise Corridor View,Core Block Planning,Extra - Additional,Supporting / Presentation,"Decentralized, manual block planning through BDMS causes over-booking, empty blocks and poor section utilization — fixed infrastructure stays unavailable longer than necessary, reducing asset availability for train operations.","Each section (Howrah-Kharagpur, Bardhaman-Asansol etc.) shown as separate cards. Automates this part of block planning with rule-based + AI logic, cutting manual effort and paperwork while keeping the corridor available for trains longer."
7,Rolling Block System,Core Block Planning,Extra - Additional,Supporting / Presentation,"Decentralized, manual block planning through BDMS causes over-booking, empty blocks and poor section utilization — fixed infrastructure stays unavailable longer than necessary, reducing asset availability for train operations.","As one block ends, next section starts — chain system. Automates this part of block planning with rule-based + AI logic, cutting manual effort and paperwork while keeping the corridor available for trains longer."
12,Emergency Block Override,Core Block Planning,Extra - Additional,Supporting / Presentation,"Decentralized, manual block planning through BDMS causes over-booking, empty blocks and poor section utilization — fixed infrastructure stays unavailable longer than necessary, reducing asset availability for train operations.","Instant emergency block for breakdown/accident with auto-alert to all departments. Automates this part of block planning with rule-based + AI logic, cutting manual effort and paperwork while keeping the corridor available for trains longer."
14,Interactive GIS Rail Map,Map & Visualization,Extra - Additional,Supporting / Presentation,"Planners and control rooms have no single visual picture of which section is blocked, free or conflicting — decisions are made from scattered text reports, slowly and with errors.",Full railway network on map — click any section for details. Presents live corridor status on interactive maps and dashboards so any officer understands the whole situation in one glance.
15,Live Train Position Tracker,Map & Visualization,Extra - Additional,Supporting / Presentation,"Planners and control rooms have no single visual picture of which section is blocked, free or conflicting — decisions are made from scattered text reports, slowly and with errors.",Shows live location of every train on map — which section it is in now. Presents live corridor status on interactive maps and dashboards so any officer understands the whole situation in one glance.
16,West Bengal District-wise View,Map & Visualization,Extra - Additional,Supporting / Presentation,"Planners and control rooms have no single visual picture of which section is blocked, free or conflicting — decisions are made from scattered text reports, slowly and with errors.","Filter by district: Howrah, Hooghly, Bardhaman, Nadia, Murshidabad. Presents live corridor status on interactive maps and dashboards so any officer understands the whole situation in one glance."
17,Color-Coded Section Status,Map & Visualization,Extra - Additional,Supporting / Presentation,"Planners and control rooms have no single visual picture of which section is blocked, free or conflicting — decisions are made from scattered text reports, slowly and with errors.",Green=Free | Yellow=Pending | Red=Blocked | Black=Conflict. Presents live corridor status on interactive maps and dashboards so any officer understands the whole situation in one glance.
19,Big Display / Control Room Mode,Map & Visualization,Extra - Additional,Supporting / Presentation,"Planners and control rooms have no single visual picture of which section is blocked, free or conflicting — decisions are made from scattered text reports, slowly and with errors.",Fullscreen dashboard — looks like railway control room. Presents live corridor status on interactive maps and dashboards so any officer understands the whole situation in one glance.
20,Heatmap of Block Density,Map & Visualization,Extra - Additional,Supporting / Presentation,"Planners and control rooms have no single visual picture of which section is blocked, free or conflicting — decisions are made from scattered text reports, slowly and with errors.",Shows which sections have most blocks — heatmap visualization. Presents live corridor status on interactive maps and dashboards so any officer understands the whole situation in one glance.
21,Train Route Animation,Map & Visualization,Extra - Additional,Supporting / Presentation,"Planners and control rooms have no single visual picture of which section is blocked, free or conflicting — decisions are made from scattered text reports, slowly and with errors.",Trains move smoothly along line — real-time feel. Presents live corridor status on interactive maps and dashboards so any officer understands the whole situation in one glance.
22,Up/Down Line Separation,Map & Visualization,Extra - Additional,Supporting / Presentation,"Planners and control rooms have no single visual picture of which section is blocked, free or conflicting — decisions are made from scattered text reports, slowly and with errors.",Up line and Down line shown as separate layouts. Presents live corridor status on interactive maps and dashboards so any officer understands the whole situation in one glance.
23,Yard & Siding Display,Map & Visualization,Extra - Additional,Supporting / Presentation,"Planners and control rooms have no single visual picture of which section is blocked, free or conflicting — decisions are made from scattered text reports, slowly and with errors.","Shows station yard, shunting lines, sidings. Presents live corridor status on interactive maps and dashboards so any officer understands the whole situation in one glance."
26,Dynamic Route Diversion,Priority & Traffic,Extra - Additional,Supporting / Presentation,"Maintenance blocks clash with scheduled trains, delays cascade unmanaged, and passenger impact is never calculated — punctuality suffers and no one can prove the trade-off.","If block exists, plans alternative route for train. Makes train time table and live running data a first-class input to block planning, protecting priority trains and re-optimizing instantly on delay."
30,Platform Occupancy Tracker,Priority & Traffic,Extra - Additional,Supporting / Presentation,"Maintenance blocks clash with scheduled trains, delays cascade unmanaged, and passenger impact is never calculated — punctuality suffers and no one can prove the trade-off.","Which platform has which train when — synced with block plan. Makes train time table and live running data a first-class input to block planning, protecting priority trains and re-optimizing instantly on delay."
38,AI Chatbot (Rail Mitra),AI & Optimization,Extra - Additional,Supporting / Presentation,"Human planners cannot weigh criticality, urgency, asset impact and multi-department constraints together — urgent works get deferred, conflicts multiply, and downtime grows unnoticed.","'Is there block on Howrah-Asansol today?' — natural language answer. Applies AI/ML scoring and optimization so scheduling decisions are data-driven, transparent and continuously improving."
39,Voice Command Interface,AI & Optimization,Extra - Additional,Supporting / Presentation,"Human planners cannot weigh criticality, urgency, asset impact and multi-department constraints together — urgent works get deferred, conflicts multiply, and downtime grows unnoticed.","'Show tomorrow block schedule' — voice command. Applies AI/ML scoring and optimization so scheduling decisions are data-driven, transparent and continuously improving."
40,Multi-Channel Alerts,Communication,Extra - Additional,Supporting / Presentation,"Crews and departments miss critical alerts — gangs arrive late, conflicts wait in inboxes, and nobody has a single source of truth, wasting block windows.","SMS, WhatsApp, Email, Push, In-App — all channels. Delivers the right alert to the right person on the right channel at the right time, with delivery proof and discussion trails."
41,Crew Notification System,Communication,Extra - Additional,Supporting / Presentation,"Crews and departments miss critical alerts — gangs arrive late, conflicts wait in inboxes, and nobody has a single source of truth, wasting block windows.","Auto SMS to maintenance gang — 'Tomorrow 6am Bardhaman, Block BLK-102'. Delivers the right alert to the right person on the right channel at the right time, with delivery proof and discussion trails."
43,Department Chat Room,Communication,Extra - Additional,Supporting / Presentation,"Crews and departments miss critical alerts — gangs arrive late, conflicts wait in inboxes, and nobody has a single source of truth, wasting block windows.","ENG, TRD, S&T — one chat for block discussion. Delivers the right alert to the right person on the right channel at the right time, with delivery proof and discussion trails."
44,Public Passenger Alert,Communication,Extra - Additional,Supporting / Presentation,"Crews and departments miss critical alerts — gangs arrive late, conflicts wait in inboxes, and nobody has a single source of truth, wasting block windows.","SMS/WhatsApp to passengers if train delayed due to block. Delivers the right alert to the right person on the right channel at the right time, with delivery proof and discussion trails."
51,Cost Impact Report,Reporting,Extra - Additional,Supporting / Presentation,"Management has zero visibility of block utilization, asset availability and plan variance — inefficiency cannot be measured, so it cannot be fixed.","How many trains late, how much loss — financial impact. Generates automatic KPIs, reports and variance analysis that turn block planning into a measurable, improvable process."
52,Crew Efficiency Tracker,Reporting,Extra - Additional,Supporting / Presentation,"Management has zero visibility of block utilization, asset availability and plan variance — inefficiency cannot be measured, so it cannot be fixed.","Which gang finished work on time — performance metric. Generates automatic KPIs, reports and variance analysis that turn block planning into a measurable, improvable process."
54,Weather-Adaptive Blocking,External Factors,Extra - Additional,Supporting / Presentation,"Rain, fog, floods and disasters disrupt schedules with zero forewarning to field crews — unsafe work continues and blocks fail mid-way.",Rain/fog/heat — auto adjusts block schedule. Integrates weather and hazard signals so plans adapt automatically and crews are warned before risk reaches the field.
55,Flood/Submersion Alert,External Factors,Extra - Additional,Supporting / Presentation,"Rain, fog, floods and disasters disrupt schedules with zero forewarning to field crews — unsafe work continues and blocks fail mid-way.",River level rises — auto cancel/postpone block in low sections. Integrates weather and hazard signals so plans adapt automatically and crews are warned before risk reaches the field.
56,Disaster/Emergency Reroute,External Factors,Extra - Additional,Supporting / Presentation,"Rain, fog, floods and disasters disrupt schedules with zero forewarning to field crews — unsafe work continues and blocks fail mid-way.",Flood/accident — emergency block + rescue train route clear. Integrates weather and hazard signals so plans adapt automatically and crews are warned before risk reaches the field.
60,WhatsApp Bot for Crew,Advanced/Future,Extra - Additional,Supporting / Presentation,"Manual inspection of vast track, OHE and crossings is slow and error-prone — defects stay hidden until they become failures.","'Where is my duty today?' — WhatsApp answer. Proposes AI-assisted inspection (drone/CCTV/satellite) as a future layer feeding earlier, cheaper defect detection into the same planning pipeline."
62,What-If Scenario Simulator,AI & Optimization,Extra - Additional,Supporting / Presentation,"Human planners cannot weigh criticality, urgency, asset impact and multi-department constraints together — urgent works get deferred, conflicts multiply, and downtime grows unnoticed.","Planners test ""what if this block moves to Thursday?"" — system shows impact on conflicts, trains and asset availability before committing. Applies AI/ML scoring and optimization so scheduling decisions are data-driven, transparent and continuously improving."
64,Corridor Gantt Timeline View,Map & Visualization,Extra - Additional,Supporting / Presentation,"Planners and control rooms have no single visual picture of which section is blocked, free or conflicting — decisions are made from scattered text reports, slowly and with errors.","Time-vs-section Gantt chart showing all blocks across days — who is where, when, and conflicts at a glance. Presents live corridor status on interactive maps and dashboards so any officer understands the whole situation in one glance."
65,Offline-First PWA for Field Crew,Communication,Extra - Additional,Supporting / Presentation,"Crews and departments miss critical alerts — gangs arrive late, conflicts wait in inboxes, and nobody has a single source of truth, wasting block windows.","Crew app works without internet — duty details, block info cached; auto-syncs when network returns. Delivers the right alert to the right person on the right channel at the right time, with delivery proof and discussion trails."
66,Multilingual UI (Bengali/Hindi/English),Communication,Extra - Additional,Supporting / Presentation,"Crews and departments miss critical alerts — gangs arrive late, conflicts wait in inboxes, and nobody has a single source of truth, wasting block windows.","Full interface in Bengali, Hindi and English — field staff use in their own language. Delivers the right alert to the right person on the right channel at the right time, with delivery proof and discussion trails."
69,Optimizer Feedback Loop (Self-Learning),AI & Optimization,Extra - Additional,Supporting / Presentation,"Human planners cannot weigh criticality, urgency, asset impact and multi-department constraints together — urgent works get deferred, conflicts multiply, and downtime grows unnoticed.","Compares planned vs actual block outcomes and retrains duration/conflict models — system improves every cycle. Applies AI/ML scoring and optimization so scheduling decisions are data-driven, transparent and continuously improving."
78,Lone Worker Check-in Timer,Safety,Extra - Additional,Supporting / Presentation,"Trackside work without enforced safety protocol risks fatal accidents: trains entering work zones, electrocution on live OHE, and premature line opening after unfinished work.","Solo crew members check in every 30 min; missed check-in auto-alerts supervisor. Digitally enforces the railway safety protocol — tokens, confirmations, clearances and alerts — so every block becomes auditable, verifiable and safe by design."
83,Digital Toolbox Talk (TBT),Safety,Extra - Additional,Supporting / Presentation,"Trackside work without enforced safety protocol risks fatal accidents: trains entering work zones, electrocution on live OHE, and premature line opening after unfinished work.","Pre-work safety briefing record: today’s risks, responsibilities; crew check-in blocked without TBT. Digitally enforces the railway safety protocol — tokens, confirmations, clearances and alerts — so every block becomes auditable, verifiable and safe by design."
84,Digital Permit-to-Work (PTW),Safety,Extra - Additional,Supporting / Presentation,"Trackside work without enforced safety protocol risks fatal accidents: trains entering work zones, electrocution on live OHE, and premature line opening after unfinished work.","Special permits for height work, welding, confined space — validity, auto-expiry, involved crew list. Digitally enforces the railway safety protocol — tokens, confirmations, clearances and alerts — so every block becomes auditable, verifiable and safe by design."
85,Gang Safety Score,Safety,Extra - Additional,Supporting / Presentation,"Trackside work without enforced safety protocol risks fatal accidents: trains entering work zones, electrocution on live OHE, and premature line opening after unfinished work.","Safety performance score per gang (violations, near-misses, TBT compliance) for incentives and counseling. Digitally enforces the railway safety protocol — tokens, confirmations, clearances and alerts — so every block becomes auditable, verifiable and safe by design."
90,Duplicate Defect Merger,Multi-System Integration,Extra - Additional,Point 1 - Data Quality Guard,"Defects and asset conditions are locked inside TMS, SMMS, TDMS and COA silos and never reach block planning — planners decide blindly and overdue tasks are forgotten.","AI similarity detection merges duplicate defect reports across systems before block generation — human approves. Pulls maintenance, defect and corridor data from all source systems into one planning pipeline, so every block request is backed by real data."
96,Backlog Burn-down Chart,Reporting,Extra - Additional,Supporting / Presentation,"Management has zero visibility of block utilization, asset availability and plan variance — inefficiency cannot be measured, so it cannot be fixed.","Trend of overdue maintenance tasks over weeks — strategic KPI for division/ministry. Generates automatic KPIs, reports and variance analysis that turn block planning into a measurable, improvable process."
104,Smart Buffer Auto-Insertion,AI & Optimization,Extra - Additional,Point 3 - Plan Reliability,"Human planners cannot weigh criticality, urgency, asset impact and multi-department constraints together — urgent works get deferred, conflicts multiply, and downtime grows unnoticed.","AI inserts buffers in sections with historical overruns — prevents cascade delays. Applies AI/ML scoring and optimization so scheduling decisions are data-driven, transparent and continuously improving."
110,Simulation & Replay Mode,Advanced/Future,Extra - Additional,Supporting / Presentation,A full day of operations takes a full day to demonstrate — impossible in a 10-minute judging slot.,"Simulation & replay mode plays a scripted day in 2 minutes, showing the systems full behavior live."
111,Mock Data Generator,Advanced/Future,Extra - Additional,Supporting / Presentation,"Without real data access, the team cannot build, test or demo anything — and random data makes every feature look broken.","A mock data generator with fixed seed produces a coherent corridor dataset (stations, trains, defects, gangs, blocks) — one command, fully reproducible."
112,Role-Based Access Control (RBAC),Platform Admin,Extra - Additional,Supporting / Presentation,"Without role-based access and configuration, a multi-department platform becomes insecure and impossible to deploy beyond one division.","JE/SE/Officer/Control/Crew roles with least-privilege access; sensitive actions restricted by role. Adds least-privilege access control and template-based configuration, making the platform secure, auditable and scalable pan-India."
113,Multi-Division Configuration,Advanced/Future,Extra - Additional,Supporting / Presentation,"Manual inspection of vast track, OHE and crossings is slow and error-prone — defects stay hidden until they become failures.","Template-based config to deploy for any division/zone — SE Railway today, NR/CR tomorrow. Proposes AI-assisted inspection (drone/CCTV/satellite) as a future layer feeding earlier, cheaper defect detection into the same planning pipeline."
122,Demo Role Accounts & Quick Switch,Demo Data System,Extra - Additional,Demo Data — Presentation Support,"No real railway data or API access exists for development, testing and demonstration — the team cannot build, test or present anything without coherent data.","Pre-seeded logins for JE, SE, Divisional Officer, Control Room, Gang Leader + one-click role switcher for presentation. Builds a reproducible, internally-consistent demo data layer (seed, validate, reset, inject) so the whole system is testable and demo-ready."
18,3D Station Visualization,Map & Visualization,Future Scope,Future Scope,"Planners and control rooms have no single visual picture of which section is blocked, free or conflicting — decisions are made from scattered text reports, slowly and with errors.","Major stations in 3D model — platform, yard, track layout. Presents live corridor status on interactive maps and dashboards so any officer understands the whole situation in one glance."
57,Drone Track Inspection,Advanced/Future,Future Scope,Future Scope,"Manual inspection of vast track, OHE and crossings is slow and error-prone — defects stay hidden until they become failures.","Drone inspects track/OHE — AI spots defects. Proposes AI-assisted inspection (drone/CCTV/satellite) as a future layer feeding earlier, cheaper defect detection into the same planning pipeline."
58,CCTV Video Analytics,Advanced/Future,Future Scope,Future Scope,"Manual inspection of vast track, OHE and crossings is slow and error-prone — defects stay hidden until they become failures.","Station/level crossing CCTV — AI detects anomaly. Proposes AI-assisted inspection (drone/CCTV/satellite) as a future layer feeding earlier, cheaper defect detection into the same planning pipeline."
59,Satellite Image Processing,Advanced/Future,Future Scope,Future Scope,"Manual inspection of vast track, OHE and crossings is slow and error-prone — defects stay hidden until they become failures.","SAR/satellite images for flood-affected area mapping. Proposes AI-assisted inspection (drone/CCTV/satellite) as a future layer feeding earlier, cheaper defect detection into the same planning pipeline."
