block_id,date,department,line_type,start_km,end_km,requested_start,requested_end,duration_min,actual_duration_min,work_description,status,power_shutdown_required,assigned_gang,machinery_required,bundle_group_id
BLK-NDLS-0013,2026-09-21,TRD,DOWN,146.5,150.6,2026-09-21 00:30,2026-09-21 03:30,180,163.0,[Co-possession BUNDLE-07] Shadow-Block possession for OHE contact wire height measurement,COMPLETED,YES,GANG-TRD-OHE-03,OMS-NR-21 OHE Measurement Special,BUNDLE-07
BLK-NDLS-0014,2026-09-21,SNT,UP,146.5,150.6,2026-09-21 00:30,2026-09-21 03:30,180,154.0,[Co-possession BUNDLE-07] Signal aspect and cable continuity check,COMPLETED,NO,GANG-SNT-SIG-01,Axle Counter Test Set,BUNDLE-07
BLK-NDLS-0039,2026-09-21,ENG,UP,252.5,254.1,2026-09-21 01:15,2026-09-21 03:45,150,143.0,Emergency rail replacement due to critical USFD flaw,COMPLETED,NO,GANG-ENG-PWAY-01,RM-80 Rail Grinder,
BLK-NDLS-0001,2026-09-21,ENG,UP,425.6,428.2,2026-09-21 01:45,2026-09-21 03:45,120,117.0,[Co-possession BUNDLE-01] Deep screening of ballast bed with RM-80 machine,COMPLETED,NO,GANG-ENG-PWAY-04,RM-80 Rail Grinder,BUNDLE-01
BLK-NDLS-0002,2026-09-21,TRD,UP,425.6,428.2,2026-09-21 01:45,2026-09-21 03:45,120,106.0,[Co-possession BUNDLE-01] Catenary dropper replacement and contact wire height tuning,COMPLETED,YES,GANG-TRD-OHE-02,OMS-NR-21 OHE Measurement Special,BUNDLE-01
BLK-NDLS-0033,2026-09-21,ENG,DOWN,83.4,87.3,2026-09-21 02:30,2026-09-21 07:30,300,299.0,Mechanized track tamping and alignment,COMPLETED,NO,GANG-ENG-PWAY-04,USFD-NR-03 Ultrasonic Flaw Trolley,
BLK-NDLS-0051,2026-09-21,TRD,DOWN,125.5,129.9,2026-09-21 08:00,2026-09-21 09:30,90,78.0,Catenary dropper replacement and contact wire height tuning,COMPLETED,YES,GANG-TRD-OHE-02,OMS-NR-21 OHE Measurement Special,
BLK-NDLS-0045,2026-09-21,ENG,UP,156.9,159.3,2026-09-21 08:30,2026-09-21 11:00,150,136.0,Emergency rail replacement due to critical USFD flaw,COMPLETED,NO,GANG-ENG-PWAY-01,BCM-NR-104 Ballast Cleaner,
BLK-NDLS-0027,2026-09-21,ENG,DOWN,85.7,89.1,2026-09-21 09:00,2026-09-21 14:00,300,258.0,Mechanized track tamping and alignment,COMPLETED,NO,GANG-ENG-PWAY-07,USFD-NR-03 Ultrasonic Flaw Trolley,
BLK-NDLS-0021,2026-09-21,TRD,DOWN,332.0,335.1,2026-09-21 23:15,2026-09-22 01:45,150,135.0,25kV AC OHE annual inspection and insulator replacement,COMPLETED,YES,GANG-TRD-OHE-02,OMS-NR-21 OHE Measurement Special,
BLK-NDLS-0034,2026-09-22,ENG,UP,7.2,11.1,2026-09-22 00:45,2026-09-22 03:15,150,155.0,Emergency rail replacement due to critical USFD flaw,COMPLETED,YES,GANG-ENG-PWAY-07,RM-80 Rail Grinder,
BLK-NDLS-0040,2026-09-22,ENG,UP,348.2,351.7,2026-09-22 03:00,2026-09-22 06:30,210,198.0,P-Way track realignment under zero-fatality safety protocol,COMPLETED,NO,GANG-ENG-PWAY-07,CSM-NR-092 Track Tamper,
BLK-NDLS-0046,2026-09-22,SNT,UP,275.5,280.4,2026-09-22 03:00,2026-09-22 04:30,90,,Signal aspect and cable continuity check,CANCELLED,NO,GANG-SNT-SIG-01,Axle Counter Test Set,
BLK-NDLS-0028,2026-09-22,TRD,UP,312.9,316.9,2026-09-22 03:45,2026-09-22 07:15,210,193.0,Shadow-Block possession for OHE contact wire height measurement,COMPLETED,YES,GANG-TRD-OHE-02,TW-NR-8812 Tower Wagon,
BLK-NDLS-0022,2026-09-22,ENG,DOWN,6.3,10.9,2026-09-22 09:00,2026-09-22 11:00,120,109.0,Ultrasonic flaw detection guided rail renewal,COMPLETED,NO,GANG-ENG-PWAY-02,CSM-NR-092 Track Tamper,
BLK-NDLS-0052,2026-09-22,ENG,DOWN,348.0,352.8,2026-09-22 22:00,2026-09-23 01:00,180,160.0,P-Way track realignment under zero-fatality safety protocol,COMPLETED,NO,GANG-ENG-PWAY-07,USFD-NR-03 Ultrasonic Flaw Trolley,
BLK-NDLS-0003,2026-09-22,ENG,UP,347.8,349.6,2026-09-22 22:45,2026-09-23 00:15,90,82.0,[Co-possession BUNDLE-02] Mechanized track tamping and alignment,COMPLETED,NO,GANG-ENG-PWAY-01,USFD-NR-03 Ultrasonic Flaw Trolley,BUNDLE-02
BLK-NDLS-0004,2026-09-22,TRD,DOWN,347.8,349.6,2026-09-22 22:45,2026-09-23 00:15,90,83.0,[Co-possession BUNDLE-02] Traction substation feeder maintenance,COMPLETED,YES,GANG-TRD-OHE-02,TW-NR-8812 Tower Wagon,BUNDLE-02
BLK-NDLS-0035,2026-09-23,TRD,DOWN,110.5,112.1,2026-09-23 00:15,2026-09-23 03:15,180,156.0,Shadow-Block possession for OHE contact wire height measurement,COMPLETED,YES,GANG-TRD-OHE-01,TW-104 Tower Wagon,
BLK-NDLS-0053,2026-09-23,ENG,UP,53.3,54.9,2026-09-23 01:15,2026-09-23 06:15,300,276.0,Emergency Rail Replacement due to critical USFD Flaw (0.88 CoF x LoF Risk Score),COMPLETED,NO,GANG-ENG-PWAY-02,RM-80 Rail Grinder,
BLK-NDLS-0023,2026-09-23,ENG,UP,384.3,387.2,2026-09-23 02:45,2026-09-23 05:45,180,166.0,Emergency rail replacement due to critical USFD flaw,COMPLETED,NO,GANG-ENG-PWAY-07,CSM-NR-092 Track Tamper,
BLK-NDLS-0041,2026-09-23,ENG,UP,156.7,160.7,2026-09-23 16:30,2026-09-23 21:30,300,283.0,P-Way track realignment under zero-fatality safety protocol,COMPLETED,YES,GANG-ENG-PWAY-02,RM-80 Rail Grinder,
BLK-NDLS-0005,2026-09-23,ENG,UP,153.4,155.0,2026-09-23 22:00,2026-09-24 01:00,180,174.0,[Co-possession BUNDLE-03] Deep screening of ballast bed with RM-80 machine,COMPLETED,NO,GANG-ENG-PWAY-04,USFD-NR-03 Ultrasonic Flaw Trolley,BUNDLE-03
BLK-NDLS-0006,2026-09-23,TRD,UP,153.4,155.0,2026-09-23 22:00,2026-09-24 01:00,180,165.0,[Co-possession BUNDLE-03] Traction substation feeder maintenance,COMPLETED,YES,GANG-TRD-OHE-03,OMS-NR-21 OHE Measurement Special,BUNDLE-03
BLK-NDLS-0047,2026-09-23,ENG,DOWN,169.1,173.1,2026-09-23 22:30,2026-09-24 00:30,120,110.0,Mechanized track tamping and alignment,COMPLETED,NO,GANG-ENG-PWAY-04,CSM-NR-092 Track Tamper,
BLK-NDLS-0029,2026-09-23,ENG,UP,200.9,203.7,2026-09-23 23:30,2026-09-24 02:30,180,173.0,P-Way track realignment under zero-fatality safety protocol,COMPLETED,NO,GANG-ENG-PWAY-07,BCM-NR-104 Ballast Cleaner,
BLK-NDLS-0030,2026-09-24,TRD,DOWN,37.1,40.5,2026-09-24 02:45,2026-09-24 07:45,300,269.0,Traction substation feeder maintenance,COMPLETED,YES,GANG-TRD-OHE-01,TW-NR-8812 Tower Wagon,
BLK-NDLS-0048,2026-09-24,ENG,DOWN,19.7,24.6,2026-09-24 03:30,2026-09-24 05:30,120,118.0,P-Way track realignment under zero-fatality safety protocol,COMPLETED,NO,GANG-ENG-PWAY-01,USFD-NR-03 Ultrasonic Flaw Trolley,
BLK-NDLS-0054,2026-09-24,SNT,UP,379.2,381.9,2026-09-24 09:45,2026-09-24 14:45,300,304.0,Audio frequency track circuit calibration,COMPLETED,NO,GANG-SNT-SIG-01,Point Machine Testing Rig,
BLK-NDLS-0007,2026-09-24,ENG,DOWN,132.8,134.3,2026-09-24 15:30,2026-09-24 17:30,120,,[Co-possession BUNDLE-04] P-Way track realignment under zero-fatality safety protocol,CANCELLED,NO,GANG-ENG-PWAY-01,CSM-NR-092 Track Tamper,BUNDLE-04
BLK-NDLS-0008,2026-09-24,TRD,UP,132.8,134.3,2026-09-24 15:30,2026-09-24 17:30,120,,[Co-possession BUNDLE-04] 25kV AC OHE annual inspection and insulator replacement,CANCELLED,YES,GANG-TRD-OHE-02,TW-104 Tower Wagon,BUNDLE-04
BLK-NDLS-0042,2026-09-24,TRD,UP,256.6,259.4,2026-09-24 15:30,2026-09-24 19:00,210,188.0,Traction substation feeder maintenance,COMPLETED,YES,GANG-TRD-OHE-02,OMS-NR-21 OHE Measurement Special,
BLK-NDLS-0024,2026-09-24,TRD,UP,425.3,426.9,2026-09-24 22:45,2026-09-25 02:15,210,218.0,Shadow-Block possession for OHE contact wire height measurement,COMPLETED,YES,GANG-TRD-OHE-03,TW-104 Tower Wagon,
BLK-NDLS-0036,2026-09-24,ENG,UP,430.5,433.3,2026-09-24 23:00,2026-09-25 03:00,240,250.0,Mechanized track tamping and alignment,COMPLETED,NO,GANG-ENG-PWAY-07,USFD-NR-03 Ultrasonic Flaw Trolley,
BLK-NDLS-0025,2026-09-25,ENG,UP,289.9,293.1,2026-09-25 01:30,2026-09-25 03:30,120,102.0,P-Way track realignment under zero-fatality safety protocol,COMPLETED,NO,GANG-ENG-PWAY-02,RM-80 Rail Grinder,
BLK-NDLS-0031,2026-09-25,SNT,UP,57.9,61.9,2026-09-25 02:15,2026-09-25 05:45,210,197.0,Axle counter verification and reset,COMPLETED,NO,GANG-SNT-SIG-02,Point Machine Testing Rig,
BLK-NDLS-0037,2026-09-25,SNT,UP,231.8,233.8,2026-09-25 03:45,2026-09-25 05:45,120,115.0,Axle counter verification and reset,COMPLETED,NO,GANG-SNT-SIG-02,Axle Counter Test Set,
BLK-NDLS-0043,2026-09-25,ENG,DOWN,154.0,158.6,2026-09-25 03:45,2026-09-25 06:45,180,180.0,Emergency Rail Replacement due to critical USFD Flaw (0.88 CoF x LoF Risk Score),COMPLETED,NO,GANG-ENG-PWAY-04,CSM-NR-092 Track Tamper,
BLK-NDLS-0009,2026-09-25,ENG,DOWN,175.4,179.2,2026-09-25 14:45,2026-09-25 17:15,150,131.0,[Co-possession BUNDLE-05] Emergency rail replacement due to critical USFD flaw,COMPLETED,NO,GANG-ENG-PWAY-07,RM-80 Rail Grinder,BUNDLE-05
BLK-NDLS-0010,2026-09-25,TRD,DOWN,175.4,179.2,2026-09-25 14:45,2026-09-25 17:15,150,146.0,[Co-possession BUNDLE-05] 25kV AC OHE annual inspection and insulator replacement,COMPLETED,YES,GANG-TRD-OHE-01,OMS-NR-21 OHE Measurement Special,BUNDLE-05
BLK-NDLS-0049,2026-09-25,TRD,DOWN,102.5,105.5,2026-09-25 15:30,2026-09-25 18:30,180,159.0,Traction substation feeder maintenance,COMPLETED,YES,GANG-TRD-OHE-02,TW-NR-8812 Tower Wagon,
BLK-NDLS-0050,2026-09-26,ENG,UP,189.2,191.6,2026-09-26 00:00,2026-09-26 03:00,180,155.0,Emergency rail replacement due to critical USFD flaw,COMPLETED,NO,GANG-ENG-PWAY-01,USFD-NR-03 Ultrasonic Flaw Trolley,
BLK-NDLS-0032,2026-09-26,TRD,UP,30.1,34.3,2026-09-26 01:45,2026-09-26 04:15,150,140.0,Traction substation feeder maintenance,COMPLETED,YES,GANG-TRD-OHE-02,TW-104 Tower Wagon,
BLK-NDLS-0011,2026-09-26,ENG,DOWN,1.3,3.9,2026-09-26 08:30,2026-09-26 10:30,120,104.0,[Co-possession BUNDLE-06] Emergency rail replacement due to critical USFD flaw,COMPLETED,NO,GANG-ENG-PWAY-04,USFD-NR-03 Ultrasonic Flaw Trolley,BUNDLE-06
BLK-NDLS-0012,2026-09-26,TRD,UP,1.3,3.9,2026-09-26 08:30,2026-09-26 10:30,120,102.0,[Co-possession BUNDLE-06] 25kV AC OHE annual inspection and insulator replacement,COMPLETED,YES,GANG-TRD-OHE-01,TW-104 Tower Wagon,BUNDLE-06
BLK-NDLS-0038,2026-09-26,ENG,DOWN,230.0,231.9,2026-09-26 10:45,2026-09-26 14:45,240,234.0,Emergency rail replacement due to critical USFD flaw,COMPLETED,YES,GANG-ENG-PWAY-07,USFD-NR-03 Ultrasonic Flaw Trolley,
BLK-NDLS-0044,2026-09-26,ENG,DOWN,225.0,227.4,2026-09-26 10:45,2026-09-26 13:15,150,155.0,Mechanized track tamping and alignment,COMPLETED,NO,GANG-ENG-PWAY-07,BCM-NR-104 Ballast Cleaner,
BLK-NDLS-0026,2026-09-26,TRD,UP,253.5,255.2,2026-09-26 16:15,2026-09-26 20:15,240,209.0,25kV AC OHE annual inspection and insulator replacement,COMPLETED,YES,GANG-TRD-OHE-02,TW-NR-8812 Tower Wagon,
BLK-NDLS-0055,2026-09-27,TRD,UP,242.3,245.6,2026-09-27 01:00,2026-09-27 05:00,240,225.0,25kV AC OHE annual inspection and insulator replacement,COMPLETED,YES,GANG-TRD-OHE-02,TW-104 Tower Wagon,
BLK-NDLS-0058,2026-09-27,ENG,UP,69.1,74.0,2026-09-27 01:15,2026-09-27 06:15,300,200.0,Ultrasonic flaw detection guided rail renewal,ACTIVE,NO,GANG-ENG-PWAY-02,CSM-NR-092 Track Tamper,
BLK-NDLS-0060,2026-09-27,TRD,DOWN,265.2,269.1,2026-09-27 01:15,2026-09-27 02:45,90,38.0,Traction substation feeder maintenance,ACTIVE,YES,GANG-TRD-OHE-01,OMS-NR-21 OHE Measurement Special,
BLK-NDLS-0059,2026-09-27,ENG,UP,319.3,322.2,2026-09-27 02:15,2026-09-27 04:45,150,74.0,Deep screening of ballast bed with RM-80 machine,ACTIVE,NO,GANG-ENG-PWAY-07,RM-80 Rail Grinder,
BLK-NDLS-0056,2026-09-27,ENG,DOWN,255.7,260.1,2026-09-27 02:30,2026-09-27 05:00,150,154.0,Mechanized track tamping and alignment,COMPLETED,YES,GANG-ENG-PWAY-02,USFD-NR-03 Ultrasonic Flaw Trolley,
BLK-NDLS-0065,2026-09-27,ENG,DOWN,411.7,416.5,2026-09-27 07:15,2026-09-27 12:15,300,,Mechanized track tamping and alignment,CONFLICT_DETECTED,NO,GANG-ENG-PWAY-02,CSM-NR-092 Track Tamper,
BLK-NDLS-0017,2026-09-27,ENG,DOWN,145.1,146.8,2026-09-27 10:30,2026-09-27 14:30,240,99.0,[Co-possession BUNDLE-09] Mechanized track tamping and alignment,ACTIVE,NO,GANG-ENG-PWAY-04,RM-80 Rail Grinder,BUNDLE-09
BLK-NDLS-0018,2026-09-27,SNT,UP,145.1,146.8,2026-09-27 10:30,2026-09-27 14:30,240,118.0,[Co-possession BUNDLE-09] Axle counter verification and reset,ACTIVE,NO,GANG-SNT-SIG-02,Interlocking Test Bench,BUNDLE-09
BLK-NDLS-0019,2026-09-27,ENG,UP,174.2,179.0,2026-09-27 14:45,2026-09-27 17:15,150,,[Co-possession BUNDLE-10] Emergency rail replacement due to critical USFD flaw,SANCTIONED,NO,GANG-ENG-PWAY-02,RM-80 Rail Grinder,BUNDLE-10
BLK-NDLS-0020,2026-09-27,SNT,UP,174.2,179.0,2026-09-27 14:45,2026-09-27 17:15,150,,[Co-possession BUNDLE-10] Electronic interlocking point machine testing,SANCTIONED,NO,GANG-SNT-SIG-02,Point Machine Testing Rig,BUNDLE-10
BLK-NDLS-0061,2026-09-27,SNT,DOWN,24.0,27.4,2026-09-27 15:45,2026-09-27 18:15,150,,Audio frequency track circuit calibration,SANCTIONED,NO,GANG-SNT-SIG-02,Axle Counter Test Set,
BLK-NDLS-0064,2026-09-27,ENG,DOWN,261.4,266.0,2026-09-27 22:00,2026-09-28 00:00,120,,Mechanized track tamping and alignment,PENDING_APPROVAL,NO,,USFD-NR-03 Ultrasonic Flaw Trolley,
BLK-NDLS-0062,2026-09-27,ENG,UP,99.5,102.9,2026-09-27 22:30,2026-09-28 00:00,90,,Mechanized track tamping and alignment,SANCTIONED,NO,GANG-ENG-PWAY-07,CSM-NR-092 Track Tamper,
BLK-NDLS-0015,2026-09-27,TRD,DOWN,4.6,7.4,2026-09-27 23:15,2026-09-28 04:15,300,,[Co-possession BUNDLE-08] Catenary dropper replacement and contact wire height tuning,SANCTIONED,YES,GANG-TRD-OHE-01,OMS-NR-21 OHE Measurement Special,BUNDLE-08
BLK-NDLS-0016,2026-09-27,SNT,DOWN,4.6,7.4,2026-09-27 23:15,2026-09-28 04:15,300,,[Co-possession BUNDLE-08] Axle counter verification and reset,SANCTIONED,NO,GANG-SNT-SIG-01,Interlocking Test Bench,BUNDLE-08
BLK-NDLS-0057,2026-09-27,ENG,DOWN,10.0,13.7,2026-09-27 23:45,2026-09-28 02:15,150,146.0,Ultrasonic flaw detection guided rail renewal,COMPLETED,NO,GANG-ENG-PWAY-07,RM-80 Rail Grinder,
BLK-NDLS-0063,2026-09-27,ENG,UP,228.3,230.3,2026-09-27 23:45,2026-09-28 02:15,150,,Ultrasonic flaw detection guided rail renewal,PENDING_APPROVAL,NO,GANG-ENG-PWAY-02,CSM-NR-092 Track Tamper,
